link,latitude,longitude
https://maps.app.goo.gl/5bcyGF2Xys5U8cJH6,12.9583738,75.9795023
https://maps.app.goo.gl/aH7rvnS5itWGF2dy6,12.9852018,77.6044848
https://goo.gl/maps/mZqgz8ZNB4C8e5s38,12.9182488,77.5735039
https://maps.app.goo.gl/Pwu2EkJbnj59r3wV8,12.9136665,77.6026948
https://maps.app.goo.gl/CzFaV8qf3YXkPczu9,,
https://goo.gl/maps/kqUtDU14PkpJV4gT6,13.0752152,77.8024299
https://goo.gl/maps/48tg1bR4n3swbzGXA,12.8918777,77.5887793
https://goo.gl/maps/wyn3Eai5PAu5f5wc8,12.9328672,77.5805927
https://maps.app.goo.gl/CzFaV8qf3YXkPczu9,,
https://maps.app.goo.gl/mvvkuqfdYxsCjD8t9,11.7751643,78.207017
https://maps.app.goo.gl/gGSmVCU9w5efBReT8,13.0875965,80.2151546
https://maps.app.goo.gl/8Txm7yqFt3JX81469,13.0596215,80.2689531
https://maps.app.goo.gl/mvvkuqfdYxsCjD8t9,11.7751643,78.207017
https://maps.app.goo.gl/uKGRoe6u3h8SNZ1J7,13.0638275,80.2452438
https://maps.app.goo.gl/dcaGdjFmb2Apfnwz7,,
"https://maps.google.com/?q=11.785901,78.208954",11.785901,78.208954
"https://maps.google.com/?q=11.785557,78.208794",11.785557,78.208794
"https://maps.google.com/?q=11.784240,78.208786",11.78424,78.208786
https://goo.gl/maps/zrCuARY8qXzBJM4q6,12.8828687,77.544181
https://maps.app.goo.gl/GmqsyKnwDCw78uZ37,12.9549927,77.5637293
https://goo.gl/maps/bZat92ZaSkeRCVyJA,12.953928,77.5666784
https://goo.gl/maps/jX4YeivtBhozhtqX9,12.9450809,77.5691956
https://maps.app.goo.gl/yTMfQKW3SrZSyFom8,12.9055194,77.5889988
https://goo.gl/maps/n51JyEx7ToYTmUrD8,12.9360826,77.582841
https://maps.app.goo.gl/YohtprzBHRedfDiz5,,
https://maps.app.goo.gl/3boRN1VsEHACUknz7,12.9508852,77.5751778
https://maps.app.goo.gl/rN6vZH8n1DEMy9Aw7,13.0460644,80.2400551
https://maps.app.goo.gl/rN6vZH8n1DEMy9Aw7,13.0460644,80.2400551
https://maps.app.goo.gl/rN6vZH8n1DEMy9Aw7,13.0460644,80.2400551
https://maps.app.goo.gl/z1UcwjWEUyckM3S56,13.0762724,80.2571987
https://maps.app.goo.gl/uZPcLiNA6mXapqAX9,13.0662117,80.2659108
https://maps.app.goo.gl/z1UcwjWEUyckM3S56,13.0762724,80.2571987
https://maps.app.goo.gl/uKGRoe6u3h8SNZ1J7,13.0638275,80.2452438
https://maps.app.goo.gl/Pwu2EkJbnj59r3wV8,12.9136665,77.6026948
https://maps.app.goo.gl/uKGRoe6u3h8SNZ1J7,13.0638275,80.2452438
https://maps.app.goo.gl/vnYV9zJaU2WBgPYT9,12.970687,80.1472612
https://maps.app.goo.gl/NW2bDgb1ikSyeec79,12.9882388,75.2480646
https://maps.app.goo.gl/vnYV9zJaU2WBgPYT9,12.970687,80.1472612
https://maps.app.goo.gl/5bcyGF2Xys5U8cJH6,12.9583738,75.9795023
https://maps.app.goo.gl/5bcyGF2Xys5U8cJH6,12.9583738,75.9795023
https://maps.app.goo.gl/NW2bDgb1ikSyeec79,12.9882388,75.2480646
https://maps.app.goo.gl/4XysD3ajiwJSnP2U7,12.8799161,74.8564818
https://maps.app.goo.gl/Pwu2EkJbnj59r3wV8,12.9136665,77.6026948
https://maps.app.goo.gl/Pwu2EkJbnj59r3wV8,12.9136665,77.6026948
https://maps.app.goo.gl/4XysD3ajiwJSnP2U7,12.8799161,74.8564818
https://maps.app.goo.gl/gCEmNjr17g4HSKMw7,12.8757634,74.8422605
https://maps.app.goo.gl/8qBWhiaGnjLBPrW67,12.8659876,74.8529385
https://maps.app.goo.gl/NW2bDgb1ikSyeec79,12.9882388,75.2480646
https://maps.app.goo.gl/8qBWhiaGnjLBPrW67,12.8659876,74.8529385
https://maps.app.goo.gl/4XysD3ajiwJSnP2U7,12.8799161,74.8564818
https://maps.app.goo.gl/6MWemSVnKP6iwG5U8,13.134752,75.6375451
https://maps.app.goo.gl/gCEmNjr17g4HSKMw7,12.8757634,74.8422605
https://maps.app.goo.gl/4XysD3ajiwJSnP2U7,12.8799161,74.8564818
https://maps.app.goo.gl/4XysD3ajiwJSnP2U7,12.8799161,74.8564818
https://maps.app.goo.gl/xTuniMbPdWAP8Jxc8,13.7574638,75.4640143
https://maps.app.goo.gl/8qBWhiaGnjLBPrW67,12.8659876,74.8529385
https://maps.app.goo.gl/Ms7FEJT1Ppb4sPYu6,13.1634164,74.7599395
https://maps.app.goo.gl/6kftjad46MDyFhyA7,9.9799598,76.2811423
https://maps.app.goo.gl/Ms7FEJT1Ppb4sPYu6,13.1634164,74.7599395
https://maps.app.goo.gl/gCEmNjr17g4HSKMw7,12.8757634,74.8422605
https://maps.app.goo.gl/GdjBjE6fF8KRJNat5,9.970516,76.2826687
https://maps.app.goo.gl/gCEmNjr17g4HSKMw7,12.8757634,74.8422605
https://maps.app.goo.gl/Xwoj4AHwzbtSVEDi8,9.9694981,76.2777979
https://maps.app.goo.gl/6kftjad46MDyFhyA7,9.9799598,76.2811423
https://maps.app.goo.gl/it7EC8Xqax1JoMkf8,9.9631943,76.2480173
https://maps.app.goo.gl/GdjBjE6fF8KRJNat5,9.970516,76.2826687
https://maps.app.goo.gl/Xwoj4AHwzbtSVEDi8,9.9694981,76.2777979
https://maps.app.goo.gl/6kftjad46MDyFhyA7,9.9799598,76.2811423
https://maps.app.goo.gl/it7EC8Xqax1JoMkf8,9.9631943,76.2480173
https://goo.gl/maps/ESy1xm7GejcyQaVP7,13.0292484,77.5595586
https://maps.app.goo.gl/Xwoj4AHwzbtSVEDi8,9.9694981,76.2777979
https://goo.gl/maps/Ez44RS39DBViUas6A,12.9747947,76.8233746
https://goo.gl/maps/Ez44RS39DBViUas6A,12.9747947,76.8233746
https://goo.gl/maps/Z5qySdemiDMv6qL96,13.3445128,77.1054322
https://maps.app.goo.gl/xTuniMbPdWAP8Jxc8,13.7574638,75.4640143
https://goo.gl/maps/dW83X6GEd6MpZsKe6,12.3207528,76.6543261
https://goo.gl/maps/SXD4CH6gXisPsJPDA,13.0017855,77.5759369
https://maps.app.goo.gl/Na6x3LTDZMsgpRAv6,13.9465906,75.5731933
https://maps.app.goo.gl/hQ6YjgBzABFXoGc19,13.0045067,77.5760713
https://maps.app.goo.gl/gGpWUkmeegS8HqR58,12.9654361,77.6022238
https://maps.app.goo.gl/MP6SFE6Q9pgZa6P1A,12.9913848,77.5519858
https://maps.app.goo.gl/nXbc6k2vqUWpr2xu7,12.9915374,77.6115794
https://maps.app.goo.gl/BFz4e2VgkmttNRFu8,12.9979745,77.6179975
https://maps.app.goo.gl/3wbAvtV5H1Uew39w9,12.9859979,77.6055873
https://maps.app.goo.gl/brB2pVcgY9bEYK9g7,12.9667921,77.6042048
https://maps.app.goo.gl/eVDyZGfVV4RfTpELA,13.9327609,75.579867
https://maps.app.goo.gl/nPqfdGkCHfdx8k8m6,12.935095,77.6102267
https://maps.app.goo.gl/J3iC4RTin5VDpTMH6,13.0239988,77.5901477
https://maps.app.goo.gl/9b1RFJKN6ecKuboU9,13.9322215,75.5778599
https://maps.app.goo.gl/Na6x3LTDZMsgpRAv6,13.9465906,75.5731933
https://g.page/SandeepsRosomelette?share,,
https://goo.gl/maps/LUzZyTxcG3Mbwf9RA,12.9714434,77.5718111
https://maps.app.goo.gl/eVDyZGfVV4RfTpELA,13.9327609,75.579867
https://maps.app.goo.gl/JGzMNmZ21r6gXD4d9,13.243465,77.7037511
https://goo.gl/maps/dNcegdxHUyZF,,
https://maps.app.goo.gl/9b1RFJKN6ecKuboU9,13.9322215,75.5778599
https://maps.app.goo.gl/TX4jZjG5GqGp2xdc8,13.9297222,75.5721473
https://goo.gl/maps/kxwEYhMpRBDNZYNo7,13.0181368,77.5003297
https://goo.gl/maps/eiGnxVLGzsHnfNnk8,12.9929725,77.5705828
https://goo.gl/maps/eiGnxVLGzsHnfNnk8,12.9929725,77.5705828
https://goo.gl/maps/BVPVHAxhXBt2Bme18,13.1998822,77.6887226
https://goo.gl/maps/85G63S8DVaTpbtn8A,13.0750851,77.7844812
https://maps.app.goo.gl/TX4jZjG5GqGp2xdc8,13.9297222,75.5721473
https://maps.app.goo.gl/d4TghiDftbR74JXh6,12.9470125,77.5689258
https://goo.gl/maps/TU3mnefgqw2mgKW58,12.9186391,76.4658406
https://maps.app.goo.gl/e6AjBDSqFkwJskUb9,13.6013754,75.9672072
https://maps.app.goo.gl/J3iC4RTin5VDpTMH6,13.0239988,77.5901477
https://maps.app.goo.gl/Jmp6zZhNqb9pnzJs8,12.9285088,77.5798299
https://maps.app.goo.gl/J3iC4RTin5VDpTMH6,13.0239988,77.5901477
https://maps.app.goo.gl/J3iC4RTin5VDpTMH6,13.0239988,77.5901477
https://maps.app.goo.gl/Jmp6zZhNqb9pnzJs8,12.9285088,77.5798299
https://maps.app.goo.gl/Pwu2EkJbnj59r3wV8,12.9136665,77.6026948
https://maps.app.goo.gl/d4TghiDftbR74JXh6,12.9470125,77.5689258
https://maps.app.goo.gl/JGzMNmZ21r6gXD4d9,13.243465,77.7037511
https://maps.app.goo.gl/nPqfdGkCHfdx8k8m6,12.935095,77.6102267
https://maps.app.goo.gl/XBK2Qrn8v5MdqwCKA,12.9259332,77.5610713
https://maps.app.goo.gl/S6mKCLe5Y5uGq94u5,13.0337551,77.5660481
https://maps.app.goo.gl/HsSMjyDgWpTHSmag9,12.9263429,77.5620083
https://maps.app.goo.gl/aH7rvnS5itWGF2dy6,12.9852018,77.6044848
https://maps.app.goo.gl/aH7rvnS5itWGF2dy6,12.9852018,77.6044848
https://maps.app.goo.gl/Pwu2EkJbnj59r3wV8,12.9136665,77.6026948
https://goo.gl/maps/9p78ukgvkyE1BPXFA,12.9334022,77.618462
https://maps.app.goo.gl/97kF2XRP1QD2RBeYA?g_st=ic,,
https://goo.gl/maps/8WA8UEbyQf3XdAZq7,12.9217893,77.5839307
https://goo.gl/maps/XKChZGiVAh8d4fbi7,12.3050169,76.6327436
https://goo.gl/maps/8WA8UEbyQf3XdAZq7,12.9217893,77.5839307
https://goo.gl/maps/BVPVHAxhXBt2Bme18,13.1998822,77.6887226
https://goo.gl/maps/9p78ukgvkyE1BPXFA,12.9334022,77.618462
https://goo.gl/maps/85G63S8DVaTpbtn8A,13.0750851,77.7844812
https://goo.gl/maps/vnbeeqCi9Q8KhSPS6,13.0037868,77.9324118
https://goo.gl/maps/d2e8P7iiq8V5a4ab9,12.9810334,77.611739
https://goo.gl/maps/cyoTvBHVPGSJJ7he9,12.9550952,77.583349
https://goo.gl/maps/h9mEnfGE9bFKxnmbA,13.0039723,77.5409346
https://goo.gl/maps/85G63S8DVaTpbtn8A,13.0750851,77.7844812
https://goo.gl/maps/LUzZyTxcG3Mbwf9RA,12.9714434,77.5718111
https://goo.gl/maps/dW83X6GEd6MpZsKe6,12.3207528,76.6543261
https://goo.gl/maps/XKChZGiVAh8d4fbi7,12.3050169,76.6327436
https://goo.gl/maps/SXD4CH6gXisPsJPDA,13.0017855,77.5759369
https://goo.gl/maps/Z5qySdemiDMv6qL96,13.3445128,77.1054322
https://goo.gl/maps/h9mEnfGE9bFKxnmbA,13.0039723,77.5409346
https://goo.gl/maps/TGvQ1FPza4xkH5Rg7,12.8760488,77.529531
https://goo.gl/maps/gTh72ewM1VSkHQKY9,12.3072206,76.6357625
https://goo.gl/maps/dNcegdxHUyZFcKyy9,13.017259,77.5896805
https://goo.gl/maps/k2pQw9UHzsXtZZus7,12.9544908,77.5765487
https://goo.gl/maps/kxwEYhMpRBDNZYNo7,13.0181368,77.5003297
https://goo.gl/maps/xcrZ1xpCUaMxDBZS7,12.8764731,77.6139951
https://goo.gl/maps/TGvQ1FPza4xkH5Rg7,12.8760488,77.529531
https://goo.gl/maps/8je6qEzRdUHCscVDA,12.998371,77.5672757
https://goo.gl/maps/vxC9cR7qdsgdsvb96,12.9704161,77.6450233
https://goo.gl/maps/4ShsEPMHdoCF8ozP7,12.9374739,77.6149808
https://goo.gl/maps/B2iEuEAF2eCY56pN8,12.9967676,77.4302862
https://goo.gl/maps/vxC9cR7qdsgdsvb96,12.9704161,77.6450233
https://goo.gl/maps/nyujhQ4n2Xd79KiL8,13.200588,77.7084054
https://goo.gl/maps/8je6qEzRdUHCscVDA,12.998371,77.5672757
https://goo.gl/maps/VdU8WWfVZ3x7UBzXA,12.9681676,77.6042202
https://goo.gl/maps/7nF5w93v3Qpe2FcR6,13.3337536,75.7709389
https://goo.gl/maps/xcrZ1xpCUaMxDBZS7,12.8764731,77.6139951
https://goo.gl/maps/UjnP9Kxfhzm3ri4e9,12.9867934,77.5395198
https://goo.gl/maps/UjnP9Kxfhzm3ri4e9,12.9867934,77.5395198
https://goo.gl/maps/kxwEYhMpRBDNZYNo7,13.0181368,77.5003297
https://goo.gl/maps/LUzZyTxcG3Mbwf9RA,12.9714434,77.5718111
https://goo.gl/maps/4ShsEPMHdoCF8ozP7,12.9374739,77.6149808
https://goo.gl/maps/y84RACjtZ81R6Y1z8,13.0067934,77.5617794
https://goo.gl/maps/B2iEuEAF2eCY56pN8,12.9967676,77.4302862
https://goo.gl/maps/TU3mnefgqw2mgKW58,12.9186391,76.4658406
https://goo.gl/maps/cW3ZGGQD7BRGCuzY9,13.3180858,75.7703096
https://goo.gl/maps/DpSV5Lt9tWYfZsDZ9,12.9930512,77.5501333
https://goo.gl/maps/pwrryLbuUCG33Mnk7,12.9967057,77.551774
https://goo.gl/maps/7nF5w93v3Qpe2FcR6,13.3337536,75.7709389
https://goo.gl/maps/dNcegdxHUyZFcKyy9,13.017259,77.5896805
https://goo.gl/maps/TU3mnefgqw2mgKW58,12.9186391,76.4658406
https://g.page/the-vintage-homestay?share,,
https://goo.gl/maps/kxwEYhMpRBDNZYNo7,13.0181368,77.5003297
https://goo.gl/maps/LUzZyTxcG3Mbwf9RA,12.9714434,77.5718111
https://goo.gl/maps/hKeCU6r9zQptJhad9,13.3159743,75.7719135
https://goo.gl/maps/qpsGFjnoFaEfJ4qc7,13.317034,75.7717938
https://goo.gl/maps/8gqk8SRACsxzcid3A,12.9703381,77.5847689
https://goo.gl/maps/tjwFoqf6Lfi9hAW57,13.0341678,77.5671061
https://goo.gl/maps/QnyKk8aSHBvmqvcK7,13.3238112,75.7717915
https://goo.gl/maps/76eVHEjKFU5y4UWu8,13.2861804,75.7819071
https://goo.gl/maps/X7CRH18xGjXZ1Xp3A,13.3161679,75.7718088
https://goo.gl/maps/E44GiLwwTHCefB7Q7,13.0007512,77.5615953
https://goo.gl/maps/9wKXKhqfbARPy9xF7,13.0255783,77.0222848
https://goo.gl/maps/LUzZyTxcG3Mbwf9RA,12.9714434,77.5718111
https://goo.gl/maps/TU3mnefgqw2mgKW58,12.9186391,76.4658406
https://goo.gl/maps/BAFyc48jaxkmqsQm8,12.9905589,77.5723095
https://goo.gl/maps/kxwEYhMpRBDNZYNo7,13.0181368,77.5003297
https://goo.gl/maps/kxwEYhMpRBDNZYNo7,13.0181368,77.5003297
https://goo.gl/maps/1PVSb5ciLvn6EVqQ9,12.9705699,77.5759174
https://goo.gl/maps/eeprqHtoRdmQo1zo6,12.9343274,77.5836156
https://goo.gl/maps/7f9oEfRekT8z3XvB6,12.9259073,77.5617694
https://goo.gl/maps/1PVSb5ciLvn6EVqQ9,12.9705699,77.5759174
https://goo.gl/maps/7f9oEfRekT8z3XvB6,12.9259073,77.5617694
https://goo.gl/maps/7f9oEfRekT8z3XvB6,12.9259073,77.5617694
https://goo.gl/maps/5mv6AMGtzy76voSS6,13.0812078,77.5575174
https://goo.gl/maps/7Rnb6i1oxrWsC4Pc6,12.976195,77.5734115
https://goo.gl/maps/7Rnb6i1oxrWsC4Pc6,12.976195,77.5734115
https://goo.gl/maps/SfpzaVZjb15yzGCY7,14.2230724,76.3965749
https://goo.gl/maps/7AAg3mHTrMbPf2da9,14.2353483,76.399977
https://goo.gl/maps/dNcegdxHUyZFcKyy9,13.017259,77.5896805
https://goo.gl/maps/iJQuYJofkKe73RZm6,12.9793335,77.646218
https://goo.gl/maps/CJfE4ViJuFEGAk2a8,12.9139816,77.6061246
https://goo.gl/maps/Z5qySdemiDMv6qL96,13.3445128,77.1054322
https://goo.gl/maps/Z5qySdemiDMv6qL96,13.3445128,77.1054322
https://goo.gl/maps/CZSoXrr3EiKgcjkf6,12.9372074,77.617387
https://goo.gl/maps/ESy1xm7GejcyQaVP7,13.0292484,77.5595586
https://goo.gl/maps/dNcegdxHUyZFcKyy9,13.017259,77.5896805
https://goo.gl/maps/48tg1bR4n3swbzGXA,12.8918777,77.5887793
https://goo.gl/maps/dNcegdxHUyZFcKyy9,13.017259,77.5896805
https://goo.gl/maps/dNcegdxHUyZFcKyy9,13.017259,77.5896805
https://goo.gl/maps/SXD4CH6gXisPsJPDA,13.0017855,77.5759369
https://goo.gl/maps/SXD4CH6gXisPsJPDA,13.0017855,77.5759369
https://goo.gl/maps/SXD4CH6gXisPsJPDA,13.0017855,77.5759369
https://goo.gl/maps/48tg1bR4n3swbzGXA,12.8918777,77.5887793
https://goo.gl/maps/ESy1xm7GejcyQaVP7,13.0292484,77.5595586
https://goo.gl/maps/AVgXY6bCYwqyXD2w7,12.9928434,77.5931478
https://goo.gl/maps/ESy1xm7GejcyQaVP7,13.0292484,77.5595586
https://goo.gl/maps/CJfE4ViJuFEGAk2a8,12.9139816,77.6061246
https://goo.gl/maps/48tg1bR4n3swbzGXA,12.8918777,77.5887793
https://goo.gl/maps/QiNXwKLTXDZAp8EL8,28.6485467,77.2309879
https://goo.gl/maps/nZj1PS668jNfbLpA7,28.6470502,77.2328152
https://goo.gl/maps/uGgQNLPSh1rmvGqY7,28.6498907,77.234674
https://goo.gl/maps/Rn7PuaCxfa68WGjc9,28.6490997,77.2310553
https://goo.gl/maps/LJaEJYFWiiRrAFfR9,28.648454,77.2310097
https://goo.gl/maps/WD7TiRSceT7kt3Av8,28.6468543,77.2319186
https://goo.gl/maps/LJaEJYFWiiRrAFfR9,28.648454,77.2310097
https://goo.gl/maps/dmRWGoWQBNQ9jGLh6,28.648251,77.2334832
https://goo.gl/maps/LUSiX2xhzDGeRGmeA,12.9499581,77.5704208
https://goo.gl/maps/Lt6hyr2okH8U9HJr5,12.9362992,77.5646033
https://goo.gl/maps/zQF6x2erxisqybcX9,28.6495317,77.2310154
https://goo.gl/maps/QN7cVusJLjjrVf7s5,28.649768,77.2317441
https://goo.gl/maps/6auHVLreFuRRpAU86,,
https://goo.gl/maps/WTaADBYKtyymH6cX6,28.6495373,77.2336798
https://goo.gl/maps/RGrvpafSSBhP3xrXA,28.6474937,77.224623
https://goo.gl/maps/bDxUedn1YQe6xUzUA,28.5761937,76.3240155
https://goo.gl/maps/4jqz2BXnPG8564f1A,28.6564483,77.2278728
https://goo.gl/maps/p5y2cUVxQKviYHjs7,28.6566126,77.2205798
https://goo.gl/maps/5gv3cSufdZupmw5M7,28.6547457,77.2303697
https://goo.gl/maps/FDGhRkUfjiwtoXCB7,28.6510622,77.2284977
https://goo.gl/maps/hNBCe17by9FWSWGNA,28.6554123,77.2286775
https://goo.gl/maps/8A5Es3pz8EtyfpKJ6,28.6560645,77.2309199
https://goo.gl/maps/jwUKd1Z1qLnMw4pa8,28.6560569,77.2305841
https://goo.gl/maps/EsTX6eJWZEWSUYFU8,12.9772813,77.722731
https://maps.app.goo.gl/FSeTbqcG3yVXFoU28,,
https://goo.gl/maps/LfTp7fxXZrzvqDiUA,11.6583248,78.151233
https://goo.gl/maps/eZxkjKXLwnYnJ7qV9,11.249036,75.7794013
https://goo.gl/maps/XFg7gC2peFaYUMFM6,13.0281401,77.5699398
https://maps.app.goo.gl/jNrXtA7UcDELR4fm9,,
https://maps.app.goo.gl/dQtsDFNM3vkp2qJZ8,,
https://goo.gl/maps/domXSFV6esnRKh54A,12.9714134,77.5940268
https://goo.gl/maps/9t1dDAxJVj64Mmm46,12.9508273,77.5772513
https://goo.gl/maps/9t1dDAxJVj64Mmm46,12.9508273,77.5772513
https://goo.gl/maps/eqCLGkb9Fz99wVJH6,12.7017558,78.6419097
https://goo.gl/maps/7Rnb6i1oxrWsC4Pc6,12.976195,77.5734115
https://goo.gl/maps/LUzZyTxcG3Mbwf9RA,12.9714434,77.5718111
https://goo.gl/maps/3gNsnCMSfY5MAqj78,12.9720527,77.63997
https://goo.gl/maps/EFWnsag4W7Q1zM6CA,12.9347556,77.6209277
https://goo.gl/maps/CZSoXrr3EiKgcjkf6,12.9372074,77.617387
"https://maps.google.com/?q=12.981625,77.533104",12.981625,77.533104
https://goo.gl/maps/p4aUkgUkjf4xXsis7,13.0723477,77.5541144
https://g.page/punjabi-pure-veg-resturant?share,,
https://goo.gl/maps/nDMm2kuzNWGjTt9d7,12.9362362,77.6040001
https://goo.gl/maps/zh13NKtcsnAaMsss8,12.9078791,77.6441739
https://goo.gl/maps/9t1dDAxJVj64Mmm46,12.9508273,77.5772513
https://goo.gl/maps/9t1dDAxJVj64Mmm46,12.9508273,77.5772513
https://goo.gl/maps/JdNwmVJuM3oWc2RaA,12.9902333,77.5721779
https://goo.gl/maps/kmLtQok9F1mMZgPeA,13.0070765,77.5687789
https://g.page/jagli-tindi?share,,
https://goo.gl/maps/kmLtQok9F1mMZgPeA,13.0070765,77.5687789
https://g.page/lan-thai-bengaluru?share,,
https://maps.app.goo.gl/m9jKCR5SHWC58SwDA,,
https://g.page/brittosgoa?share,,
https://goo.gl/maps/tWid3KSQTZ8kqhvN7,13.3408807,74.7421427
https://goo.gl/maps/Ng4SNuhnw5BNbCRL8,,
https://goo.gl/maps/NwHYhKqAysHCFd8o9,12.9786823,77.6343753
https://goo.gl/maps/BQ3BHchm4BwiQFHS6,15.3631251,75.1231201
https://g.page/SandeepsRosomelette?share,,
https://goo.gl/maps/F6cVrfeeLFrqcy4Q9,12.9675927,77.5687532
https://g.page/arogya-ahaara?share,,
https://maps.app.goo.gl/e4cfp6SCjotuhANU7,,
https://maps.app.goo.gl/UfHGPnefTC1rMNLHA,,
https://goo.gl/maps/eWkpNJVJ9LzbxfJt7,15.4514662,73.862414
https://goo.gl/maps/uju8QMF1gu54sYkd6,15.4934409,73.9983172
https://goo.gl/maps/zLXSkfzQ4YBSQkj38,13.3021547,77.1389719
https://goo.gl/maps/jTCqkNGFhFme76P87,13.0223805,77.6357849
https://goo.gl/maps/RYGsMJiji9hRSm7M7,15.4728073,73.8095064
https://g.page/Koknikanteen?share,,
https://goo.gl/maps/BQ3BHchm4BwiQFHS6,15.3631251,75.1231201
https://goo.gl/maps/dDZxBkhMEf2CQvE1A,14.6115964,75.6358528
https://goo.gl/maps/ncojxUtQHJs1scor6,15.5723798,73.7893293
https://g.page/bhatti-village-family-bar-rest?share,,
https://g.page/mantap-ice-cream?share,,
https://g.page/cafe-ritz-restaurant-bar?share,,
https://goo.gl/maps/GZt6GDjxZURjNCmq6,15.4997278,73.8265819
https://g.page/cafe-bhonsle---panjim?share,,
https://goo.gl/maps/jX4YeivtBhozhtqX9,12.9450809,77.5691956
https://goo.gl/maps/gYhpSmnoPvXAjscB7,12.923417,77.5872883
https://goo.gl/maps/iVdwvVCgCRZN2ZYMA,13.1328901,75.6383654
https://goo.gl/maps/mmN3yXnMhG1GesJ97,12.9156873,77.6470947
https://goo.gl/maps/rzbBDFFLtAr41ov98,12.9559826,77.5784374
https://goo.gl/maps/7nW69goggKE6sSgw7,12.9183553,77.5539046
https://goo.gl/maps/Ucjbpq6GPErz2Bdu6,12.8757529,74.8391787
https://goo.gl/maps/4mG32SJjtM9vp8bZ6,14.0945752,74.4862108
https://goo.gl/maps/xYDXn3tNo9BVGCD48,12.8721692,74.8325983
https://goo.gl/maps/5yhYtRycMc8qMWHPA,13.144079,74.770489
https://maps.app.goo.gl/UmocA3sFZTh5rE8j8,,
https://goo.gl/maps/17uceyNhpZwEVbY1A,12.8834993,74.8312785
https://goo.gl/maps/jhmd5dQw1mMzbTnU8,13.5249539,74.7023304
https://goo.gl/maps/5x4j7w29Yn5erihaA,12.8455673,75.0677552
https://goo.gl/maps/xSH7gqxd1ywLjpiB7,13.0055665,76.0952357
https://g.page/marata-mess?share,,
https://goo.gl/maps/gdYFPPV7in9mVuVq9,12.5495682,77.4219632
https://goo.gl/maps/e8USmUJ2ZoYGBrqGA,12.5448709,77.4197671
https://goo.gl/maps/ZSBuJKVWkFXTjFp48,12.4309823,76.6994065
https://goo.gl/maps/5YtWg6YcWJpMwRUc6,12.7004535,77.2497144
https://goo.gl/maps/wyn3Eai5PAu5f5wc8,12.9328672,77.5805927
https://maps.app.goo.gl/73GuCWbpfe1WPS717,,
https://maps.app.goo.gl/AG4akcjZNiYjoKKV9,,
https://goo.gl/maps/XkC4Ktg6mK2PouAU7,12.3076799,76.6456863
https://goo.gl/maps/zrCuARY8qXzBJM4q6,12.8828687,77.544181
https://maps.app.goo.gl/33VpBR2fQf8hFHv87,,
https://goo.gl/maps/YHQvkovacbfiM8Lw8,13.000146,77.5505453
https://maps.app.goo.gl/FoGkoKUNzEVXqpd28,,
https://maps.app.goo.gl/REfXnCoXhna7oYYj7,,
https://maps.app.goo.gl/ZFHDzQvTcHGFX6P69,,
https://maps.app.goo.gl/CzFaV8qf3YXkPczu9,,
https://maps.app.goo.gl/QkWt5DDB5a4imsb46,,
https://maps.app.goo.gl/5EYgtypaA4QHRkcb6,,
https://goo.gl/maps/VGXn94FDpbJ7jvh6A,12.9399264,77.5645695
https://goo.gl/maps/iJQuYJofkKe73RZm6,12.9793335,77.646218
https://goo.gl/maps/boZgDF7EWCiF7jZc7,12.9432995,77.5688597
https://goo.gl/maps/VVeU416Yzv5sxjPC8,12.9435005,77.5658045
https://maps.app.goo.gl/ybpNEYHV9GbrAytu9,,
https://maps.app.goo.gl/BW3bZTaDnqZ6HHrX9,,
https://maps.app.goo.gl/m9jKCR5SHWC58SwDA,,
https://maps.app.goo.gl/e4cfp6SCjotuhANU7,,
https://maps.app.goo.gl/UfHGPnefTC1rMNLHA,,
https://maps.app.goo.gl/UmocA3sFZTh5rE8j8,,
https://goo.gl/maps/E44GiLwwTHCefB7Q7,13.0007512,77.5615953
https://goo.gl/maps/FZS1KHF2X4oNWeiH6,12.9240784,77.5641614
https://goo.gl/maps/NH1dg3CQy6DiTKZX9,12.908365,77.5865371
https://goo.gl/maps/jP638xbjdGBY55EUA,12.9433978,77.5915532
https://goo.gl/maps/tKhbVWrmJ1eGmfXS8,12.9228262,77.5910696
https://goo.gl/maps/n6zmWZre9cHaMB9a9,12.9917243,77.5347029
https://maps.app.goo.gl/BarNJ8jbK1MsDpqPA,,
https://goo.gl/maps/gNrD64hvrJk3SiPZ9,12.9539208,77.5688741
https://goo.gl/maps/qR9ALXXmRBrGSbYe6,12.9289218,77.5842999
https://goo.gl/maps/eyJ7E26hKvmKhqji6,12.9275689,77.5632396
https://goo.gl/maps/NGmJNXkvog8wrHLK8,12.9724035,77.6778258
https://g.page/kappa-chakka-kandhari?...,,
https://goo.gl/maps/cyoTvBHVPGSJJ7he9,12.9550952,77.583349
https://goo.gl/maps/eiGnxVLGzsHnfNnk8,12.9929725,77.5705828
https://maps.app.goo.gl/CSqwToQhZhJSoMCa7,,
https://maps.app.goo.gl/xEN7UUzEpMJmLW9aA,,
https://maps.app.goo.gl/7oR5awP4bPCjxFt19,,
https://maps.app.goo.gl/mD3stFwkicgbrXkn9,,
https://maps.app.goo.gl/z7PBt42J25rBgT4K9,,
https://maps.app.goo.gl/RR7dCRmR2h5418yb6,,
https://goo.gl/maps/5wakkv3RBMgKXDb29,12.8741943,74.8508662
https://maps.app.goo.gl/JA8vrLT89HnrTYTJA,,
https://maps.app.goo.gl/WJgJtWuWEDdyosFn8,,
https://maps.app.goo.gl/PNcqwXL4k5nmU4bU9,,
https://maps.app.goo.gl/qAUsc4vx1ehDiCZK6,,
https://maps.app.goo.gl/FhvEuP311LwJ3ocv8,,
https://maps.app.goo.gl/m7b1WNCoUWszi7Rg6,,
https://maps.app.goo.gl/drniqhNsHUKxVvws5,,
https://maps.app.goo.gl/73GuCWbpfe1WPS717,,
https://maps.app.goo.gl/AG4akcjZNiYjoKKV9,,
https://maps.app.goo.gl/jwHv5EJyQq3HiGXu6,,
https://maps.app.goo.gl/MRqKAd7ZuZQMShbj9,,
https://goo.gl/maps/91b8ZzrMvW49tas6A,12.318999,76.6466383
https://goo.gl/maps/tt3Dr2eupH6TA62C7,12.9314906,77.5833303
https://g.page/saatvik?share,,
https://goo.gl/maps/wyn3Eai5PAu5f5wc8,12.9328672,77.5805927
https://goo.gl/maps/mNoqcdBzvVnGBDFq7,12.4553564,76.6869259
https://goo.gl/maps/KxPhFb6dNtVfLuY2A,12.9088184,77.5795232
https://g.page/arogya-ahaara?share,,
https://goo.gl/maps/5pKTUKC9jzFMJMvXA,15.8407996,74.5004807
https://goo.gl/maps/vBTfTL7XUz2DKDeU9,14.4587873,75.8849208
https://goo.gl/maps/HRk616KvrVCo5bar9,,
https://g.page/NiyaazPbroad?share,,
https://goo.gl/maps/8Skp8Xf1SKs8VkXb7,15.4613434,75.0053987
https://goo.gl/maps/7BfdSDb4pKBCkNAg7,13.314664,77.1441724
https://goo.gl/maps/MKzap7EGTdFFAUsx5,12.9367499,77.5374511
https://goo.gl/maps/4cMCR8exC9pSfFeP9,15.342926,75.1409265
https://g.page/OnlyFish?share,,
https://goo.gl/maps/Xp2RrF6B5FCmoM389,15.3500777,75.1359061
https://goo.gl/maps/cNTiaB6Qkbkfv7wR7,15.3500777,75.1359061
https://goo.gl/maps/BQ3BHchm4BwiQFHS6,15.3631251,75.1231201
https://goo.gl/maps/XZwEiCeuvy69ysv49,12.9593313,77.5652381
https://goo.gl/maps/zivXMjHrDUWRSKQ6A,15.3440137,75.1417811
https://goo.gl/maps/FRZedi1Dkt6SgysV6,14.4536261,75.9131024
https://goo.gl/maps/487kQ4axU4dwPCXG6,14.462831,75.916476
https://g.page/mangalore-in-bangalore?share,,
https://g.page/mirchimandakki?share,,
https://goo.gl/maps/iNVVs7cVHmuxZ6pYA,12.9086288,77.581092
https://goo.gl/maps/pSEJ62FTS4BYnHTs6,12.9550227,77.5640723
https://goo.gl/maps/FcS3epVuPyRpSysX6,13.0058893,77.5642939
https://goo.gl/maps/3ytRp2cd2Tpr6hfL9,12.9731731,77.5725124
https://g.page/sri-venkateshwara-sweetmeat-stal?share,,
https://goo.gl/maps/E44GiLwwTHCefB7Q7,13.0007512,77.5615953
https://goo.gl/maps/qW1VdNwbUY5WEanD8,12.9178205,77.5181799
https://g.page/eatrepeatsv?share,,
https://goo.gl/maps/zXbRL43pEX9rhwRBA,13.0593759,77.5902761
https://g.page/mirchimandakki?share,,
https://goo.gl/maps/6LTiAAAZs9RiRcRd9,13.0018359,77.5651271
https://goo.gl/maps/ZR2JEN4VugXHL6gB9,12.9715466,77.5963101
https://goo.gl/maps/SduK1UJF8oNF9a2h7,12.9982587,77.5673017
https://goo.gl/maps/cyoTvBHVPGSJJ7he9,12.9550952,77.583349
https://goo.gl/maps/nFsBwv9yM6DoRwL69,12.9450772,77.5691543
https://goo.gl/maps/SNrNDwCBdLnTaXNSA,13.0721925,77.7806597
https://goo.gl/maps/9QdB5XMgQ45CYw8p8,13.0224072,77.6357149
https://goo.gl/maps/j9VPJPeqs7m6hVot8,13.0713665,77.6162005
https://g.page/mangala-vilas?share,,
https://goo.gl/maps/D38mHS1jxXUkogWV7,12.9272786,77.5829842
https://goo.gl/maps/eiGnxVLGzsHnfNnk8,12.9929725,77.5705828
https://goo.gl/maps/SNrNDwCBdLnTaXNSA,13.0721925,77.7806597
https://goo.gl/maps/kqUtDU14PkpJV4gT6,13.0752152,77.8024299
https://goo.gl/maps/5xp4LbMu7pGtFYyJ8,12.979271,77.6387835
https://goo.gl/maps/K8WGg6JiBgSeZ43K7,12.9399212,77.5645695
https://goo.gl/maps/bZat92ZaSkeRCVyJA,12.953928,77.5666784
https://g.page/mast-marathi?share,,
https://goo.gl/maps/uf662DYcJkU6rkqV8,12.9340851,77.6135045
https://goo.gl/maps/yTntaCuwB9quZJEN9,12.9686771,77.6393728
https://goo.gl/maps/jVtHjefeVnfdMg4x6,12.9317382,77.620666
https://goo.gl/maps/546tf138essAZYnT7,12.9550952,77.583349
https://g.page/thepizzabakery-blr?share,,
https://g.page/sharief-bhai---koramangala,,
https://goo.gl/maps/6wcSxjvVGyMepD3x8,12.9361964,77.6132252
https://goo.gl/maps/Qtsqeh5WZetLySWFA,12.9337379,77.6190216
https://goo.gl/maps/FE1myFwkzEFkUAJm7,12.945072,77.5691543
https://goo.gl/maps/V7zLk2TzZvyUYAeM7,12.9080772,77.6326269
https://goo.gl/maps/qfc2xZJzUxVXHabB7,12.9345942,77.6140473
https://goo.gl/maps/k2pQw9UHzsXtZZus7,12.9544908,77.5765487
https://goo.gl/maps/JLGgTcL8MC5Pfs7L9,12.9987239,77.5678163
https://g.page/TheLightHouseBengaluru?share,,
https://goo.gl/maps/x8uvw8TZAxvdQr1j9,12.9288339,77.5796251
https://goo.gl/maps/JRKuwfs3QxA6rKUGA,12.9445764,77.5681696
https://goo.gl/maps/juaSDpVbdQvjvp4w9,12.9810004,77.5928512
https://goo.gl/maps/n51JyEx7ToYTmUrD8,12.9360826,77.582841
https://goo.gl/maps/ZbhcAim19iy7b2Yz8,12.3374306,76.6120164
https://goo.gl/maps/FyGGL4ZytEQpYw5y9,12.9767734,77.5770906
https://g.page/ganga-s-mudde-mane?share,,
https://goo.gl/maps/Kk9bs5mQuoRwDAJw6,13.2985486,77.8025169
https://g.page/kappa-chakka-kandhari?share,,
https://g.page/siddys?share,,
https://g.page/vijay-kitchen?share,,
https://goo.gl/maps/xqwjrMmLnYZCM9Ct8,13.2990772,77.8003235
https://g.page/TheTamaraCoorg?share,,
https://goo.gl/maps/nbAk8UeeQcvzUvo2A,12.3490811,76.6565192
https://goo.gl/maps/rw42coziVGwmNr1P9,12.3253945,76.6206404
https://g.page/TheTamaraCoorg?share,,
https://goo.gl/maps/UVjUhU6qW44ZycHAA,12.6388004,77.1404298
https://goo.gl/maps/yiV2cW3wQy3RPDdE9,12.3043612,76.6491899
https://goo.gl/maps/SrNc6V99rbrMPZXv5,,
https://g.page/bannurmilitaryhotel?share,,
https://goo.gl/maps/7ERXcvWWdjiEN8DE7,12.5436108,77.4203004
https://goo.gl/maps/ofKkRxRW9uwhv4XY8,12.9287248,77.5848909
https://maps.app.goo.gl/mxYhKFGBmSeFY...,,
https://goo.gl/maps/ghCnGDwNiQXjFFwT7,11.257223,75.7904593
https://goo.gl/maps/exShmuxjT6EZisK49,11.2516062,75.7768871
https://maps.app.goo.gl/rqs7viqM43fuD...,,
https://maps.app.goo.gl/BfjRFNd4EErty...,,
https://goo.gl/maps/BmbYQZKAQuyuvo3Z8,12.9260417,77.561882
https://goo.gl/maps/s93eS1YseBT6Sdoy7,12.9920885,78.1778714
https://goo.gl/maps/omGT3jUSr3BHkeUT6,12.9921406,77.677954
https://goo.gl/maps/WcaCxLjBGNmTmq3j9,12.9950771,77.6637354
https://g.page/swad-n-swad?share,,
https://goo.gl/maps/9DLhEGH91svQpPWc6,12.9189048,77.6686518
https://goo.gl/maps/sSEHEN17cjxtbBZg6,12.9515902,77.5439896
https://g.page/jagli-tindi?share,,
https://goo.gl/maps/CR8dUgVM52ETGYgA8,13.0019248,76.1034911
https://goo.gl/maps/mZqgz8ZNB4C8e5s38,12.9182488,77.5735039
https://goo.gl/maps/nGsLxrfuW4QgLe5W6,12.9623589,77.7144099
https://goo.gl/maps/5JCb21ECqN1fkDag6,12.9370036,77.6179265
https://g.page/iskconhighertaste?share,,
https://goo.gl/maps/kqUtDU14PkpJV4gT6,13.0752152,77.8024299
https://goo.gl/maps/oWc6tRDjuCtFz8Ek7,13.3316486,74.744043
https://goo.gl/maps/FZS1KHF2X4oNWeiH6,12.9240784,77.5641614
https://goo.gl/maps/brxwTRo7GjvqfpkD8,12.9366053,77.6061738
https://goo.gl/maps/kqfWPyHB7dycvZbi6,12.8757313,74.8380504
https://goo.gl/maps/5x4j7w29Yn5erihaA,12.8455673,75.0677552
https://goo.gl/maps/V7zLk2TzZvyUYAeM7,12.9080772,77.6326269
https://goo.gl/maps/ufXbWexTE2wEo1Ct7,12.9952283,76.898164
https://goo.gl/maps/D75HLQzFVW6VBtgz9,12.9461048,77.5684127
https://goo.gl/maps/oVeJJeUVoR7YRA4i7,12.7208542,77.2773516
https://goo.gl/maps/cPJQWVaGVcHF2DYp7,13.1645636,78.3909528
https://goo.gl/maps/iteU7UmSF12AR7kF6,12.8704429,74.8548736
https://g.page/Thimmappa-fish-hotel?share,,
https://goo.gl/maps/cWa1KURs9zBMn9mt7,12.9308511,75.7659486
https://g.page/malgudi-mylari-mane,,
https://goo.gl/maps/R8ooXuPdR6N4czWz9,12.7889006,77.3681829
https://goo.gl/maps/ue6vNnDDgiRnnZhx5,13.1268158,78.1329632
https://goo.gl/maps/eyJ7E26hKvmKhqji6,12.9275689,77.5632396
https://goo.gl/maps/JxBsqNtjYG3xwkro7,12.8666086,77.5798268
https://goo.gl/maps/LLzVZDKGAPpt5AD37,12.7302883,77.2765365
https://goo.gl/maps/GcVv3J8dBmkfZR4V6,12.3768251,76.6070245
https://goo.gl/maps/ufeyT7ANncwiSgwJ6,12.4255447,77.223855
https://goo.gl/maps/zrCuARY8qXzBJM4q6,12.8828687,77.544181
https://goo.gl/maps/AfA4MVarv3VVA3qp9,12.9328532,77.5803597
https://goo.gl/maps/TQphTrun1to6tRoJ6,13.0249496,77.6293752
https://goo.gl/maps/NH1dg3CQy6DiTKZX9,12.908365,77.5865371
https://goo.gl/maps/SNrNDwCBdLnTaXNSA,13.0721925,77.7806597
https://g.page/NaidusChats?share,,
https://g.page/TheLightHouseBengaluru?share,,
https://goo.gl/maps/7tR4BBYWUQEFksKW7,12.9377048,77.565398
https://goo.gl/maps/BGiyFiR9qPqM1ECg9,12.9726601,77.5715653
https://g.page/EatRaja?share,,
https://goo.gl/maps/j3V3Y6HtbEiVWDGr5,12.9793819,77.6387816
https://goo.gl/maps/NGmJNXkvog8wrHLK8,12.9724035,77.6778258
https://goo.gl/maps/tin9GNPRF812idZh8,13.0476427,77.4998762
https://goo.gl/maps/x3KdAFXHnNDm1u6VA,12.9720416,77.5988202
https://goo.gl/maps/9Bn528LKAHCqPbZcA,12.912718,77.6426033
https://goo.gl/maps/SduK1UJF8oNF9a2h7,12.9982587,77.5673017
https://goo.gl/maps/Sd6x5FcdckcF2xvt7,13.0551469,77.6614678
https://goo.gl/maps/tKhbVWrmJ1eGmfXS8,12.9228262,77.5910696
https://goo.gl/maps/N8rjbD3qRNwwdu8x8,12.9757732,77.6014741
https://goo.gl/maps/ppE2Pvju9zW368W47,12.9622135,77.5874052
https://goo.gl/maps/Fk6wWYRuefqdQ4Si8,12.8071619,77.6959126
https://goo.gl/maps/546tf138essAZYnT7,12.9550952,77.583349
https://g.page/ebony-restaurant?share,,
https://goo.gl/maps/n6zmWZre9cHaMB9a9,12.9917243,77.5347029
https://goo.gl/maps/LzMQgsjySnPaw3Cg9,12.9931293,77.5943947
https://goo.gl/maps/e4voDdkbLHrnzpaW7,12.973003,77.597659
https://maps.app.goo.gl/gaDweeSNAwped...,,
https://goo.gl/maps/CjxFRvYzXJjdpzKx6,,
https://goo.gl/maps/nFsBwv9yM6DoRwL69,12.9450772,77.5691543
https://g.page/TheOberoiBengaluru?share,,
https://goo.gl/maps/gS4RePt1HqfJF7uTA,12.9714563,77.6045931
https://goo.gl/maps/NUtz7mhFXwxiEDLB6,12.9483812,77.6644291
https://goo.gl/maps/YMY2sCYssMaNe3Fq7,12.916893,77.5834874
https://goo.gl/maps/cAKPkZMY6JF2T5Z69,12.9724302,77.6162711
https://goo.gl/maps/RznsXEZqP7vxBRAQ6,12.9670173,77.639435
https://goo.gl/maps/AQxEvtu8nWbTX91JA,12.9120825,77.6357803
https://goo.gl/maps/MQNDScmC2kRdcfji8,12.9743958,77.6057207
https://goo.gl/maps/fQoMg2VQgP34QHT76,13.0258995,77.6349903
https://goo.gl/maps/1QLut14ped2jy6gs7,12.9215806,77.6181054
https://goo.gl/maps/bWzNT69HmjpWp85y8,19.1038775,72.8494338
https://goo.gl/maps/tKhbVWrmJ1eGmfXS8,12.9228262,77.5910696
https://maps.app.goo.gl/9sxtTmoz5dBg47oP7,,
https://goo.gl/maps/qR9ALXXmRBrGSbYe6,12.9289218,77.5842999
https://g.page/StreetStoryss,,
https://goo.gl/maps/SduK1UJF8oNF9a2h7,12.9982587,77.5673017
https://goo.gl/maps/kKHGdJW1qRiBrBiT6,12.9342717,77.6154143
https://g.page/kothanur-kitchen,,
https://goo.gl/maps/jP638xbjdGBY55EUA,12.9433978,77.5915532
https://g.page/DiggiPalace,,
https://goo.gl/maps/mZqgz8ZNB4C8e5s38,12.9182488,77.5735039
https://goo.gl/maps/RXnr2PMSoCrebrJG9,12.9754392,77.5764053
https://goo.gl/maps/necAJ9CJNCVi1VHs7,26.9164738,75.8089262
https://goo.gl/maps/EkAwzWS3WuRrrJgg9,26.9267064,75.8254923
https://goo.gl/maps/Lt6hyr2okH8U9HJr5,12.9362992,77.5646033
https://goo.gl/maps/n6zmWZre9cHaMB9a9,12.9917243,77.5347029
https://goo.gl/maps/uVniz9Ck4qsK7qpD8,26.9193391,75.8234511
https://goo.gl/maps/NwHYhKqAysHCFd8o9,12.9786823,77.6343753
https://goo.gl/maps/427AVWsJqu7m1VBw7,26.9114427,75.8218414
https://goo.gl/maps/zVEViX4E9qX8ETxRA,13.19864,77.7044041
https://goo.gl/maps/vYJT2scwJHELYyTk7,26.9212661,75.7945332
https://goo.gl/maps/zFD7H4Wevau2TZwp7,12.9849926,77.5857838
https://maps.app.goo.gl/PaPn5paqoZzNK8Sv5,,
https://g.page/ThePumpHouseBengaluru?share,,
https://goo.gl/maps/cyoTvBHVPGSJJ7he9,12.9550952,77.583349
https://goo.gl/maps/1JCnP9oEDZtvNbtbA,11.2048423,75.86433
https://goo.gl/maps/PAi5DBWjWtuMZb1Q7,11.2543017,75.769695
https://goo.gl/maps/fbQADsEGDARxsg7y5,17.4728404,78.37061
https://maps.app.goo.gl/rqs7viqM43fuDndeA,,
https://maps.app.goo.gl/mxYhKFGBmSeFYRYQ7,,
https://goo.gl/maps/exShmuxjT6EZisK49,11.2516062,75.7768871
https://goo.gl/maps/QcP3M7jhPjZii7tZ7,11.2526021,75.7791265
https://maps.app.goo.gl/BfjRFNd4EErtyeWJ7,,
https://goo.gl/maps/ghCnGDwNiQXjFFwT7,11.257223,75.7904593
https://goo.gl/maps/tCrrwXrCWSXNhMb58,12.4308095,76.6983157
https://goo.gl/maps/MjLQUdfALnV7Uk3C6,12.9705193,77.6437822
https://goo.gl/maps/zgpBRi6TMHAAKJ8r8,12.7875618,78.712723
https://goo.gl/maps/Udd1GtrJmpdxzkUj8,12.975206,77.6033945
https://maps.google.com/?cid=15124941535665655280,,
https://goo.gl/maps/kTotHgFfyWxBpd216,12.9985417,77.5502128
https://g.page/lord-of-the-drinks-whitefield?share,,
https://goo.gl/maps/dz9DrHtVgMo5rR3a8,12.9345501,77.609119
https://goo.gl/maps/58xxqtQcbUPBFkxD6,12.9695214,77.6414225
https://goo.gl/maps/oCqCYfsFaw8ZVFxP6,17.4351111,78.4086406
https://goo.gl/maps/nCjkfFPM6U3gQjrG9,17.4333754,78.4446315
https://maps.app.goo.gl/KVHpNk8A74isegwp6,,
https://goo.gl/maps/S5eeCLyxjpd2CLXG6,17.3611677,78.4722401
https://goo.gl/maps/vRNuxoSXbiT5LrHt6,17.4435313,78.374876
https://goo.gl/maps/UDA8YJdhAAupCmBs6,12.9701302,77.6436313
https://goo.gl/maps/YEA7v5D3nxKAf9i5A,12.5556176,78.1859914
https://goo.gl/maps/1vVixUSGrfZ2o4RR8,12.9755305,77.6203854
https://goo.gl/maps/4Txh8NEFvbZpCdDC9,12.9757121,77.6004488
https://maps.app.goo.gl/gaDweeSNAwpedmtH6,,
https://goo.gl/maps/2FMuVqHjJtJyUs4M6,12.97232,77.608621
https://maps.app.goo.gl/ncGgfiGKARrgGBpcA,,
https://goo.gl/maps/YevqsyLMv6SUhko79,12.3097954,76.6556003
https://goo.gl/maps/k3BkbUi2VyKVCLQQA,12.3234319,76.6260738
https://goo.gl/maps/deBdrPPTQVbHkD4u7,12.3179658,76.6503801
https://goo.gl/maps/mfDuLkdpsn36gzPk8,12.2883065,76.6472745
https://goo.gl/maps/LzMQgsjySnPaw3Cg9,12.9931293,77.5943947
https://g.page/mangalorepearlblr?share,,
https://goo.gl/maps/uomXAuRpAYo2oi447,12.9544917,77.576551
https://goo.gl/maps/9J5p8NzKefDyrtCx8,12.9362992,77.5646033
https://goo.gl/maps/hZGVAyCCMjz6KB8x8,12.9509096,77.5756712
https://goo.gl/maps/oKp1eM6cLo19cXEH9,12.951024,77.5753641
https://goo.gl/maps/YNGss242Z6StfgGq7,12.9510769,77.5753749
https://goo.gl/maps/Vj1xbT38AZmnwcmC6,12.9509008,77.5757373
https://goo.gl/maps/XFaUnXNLLqgnq2hb7,12.951567,77.5749309
https://g.page/sri-swamy-bajji-centre?share,,
https://goo.gl/maps/3BLLm11R5A1bMA9g6,12.951455,77.5752598
https://goo.gl/maps/97Zxk6QpZTfo7ueC8,12.9513401,77.5753075
https://goo.gl/maps/fDwhPUrhwcG2rT4v7,12.9515393,77.5751451
https://g.page/new-govindarao-hotel-main-branch?share,,
https://goo.gl/maps/iWJx7MCjucNvpCUX7,15.15889,73.9457735
https://goo.gl/maps/nCjkfFPM6U3gQjrG9,17.4333754,78.4446315
https://goo.gl/maps/suj7zrhPWC7YRzXG6,17.392235,78.4628347
https://goo.gl/maps/2sMbSq8kXEiVMwwF6,17.3695351,78.4747001
https://goo.gl/maps/fY8cXenAPAmbq2aU7,16.426353,77.9371221
https://goo.gl/maps/S5eeCLyxjpd2CLXG6,17.3611677,78.4722401
https://maps.app.goo.gl/KVHpNk8A74isegwp6,,
https://goo.gl/maps/8FbsPNfmREvaYYLw5,17.3688107,78.4755021
https://goo.gl/maps/fbQADsEGDARxsg7y5,17.4728404,78.37061
https://maps.app.goo.gl/GFumXpewuFDYcrpM6,,
https://goo.gl/maps/CCsHPuxmF7rwBop77,13.0593768,77.5903028
https://maps.app.goo.gl/sTKJ51aP2xvXQNJb7,,
https://goo.gl/maps/vRNuxoSXbiT5LrHt6,17.4435313,78.374876
https://goo.gl/maps/oCqCYfsFaw8ZVFxP6,17.4351111,78.4086406
https://maps.app.goo.gl/SpakUTUDED1wd45Q7,,
https://goo.gl/maps/cCxWRFu3X1k1H9vS6,12.9345994,77.6140473
https://maps.app.goo.gl/MiZJra7kB5r3dEBP8,,
https://goo.gl/maps/mfDuLkdpsn36gzPk8,12.2883065,76.6472745
https://goo.gl/maps/vNcyHVMAAhZagSXd7,12.3328997,76.6127376
https://goo.gl/maps/RcAoi1CJ34Mc4cNk8,12.3303692,76.6429913
https://maps.app.goo.gl/5MSfxPFvoJb3HSjS9,,
https://maps.google.com/?cid=10685406578336381720,,
https://maps.google.com/?cid=17775535769190595591,,
https://goo.gl/maps/SQmMRPNsywkekViK7,12.3222006,76.6172224
https://goo.gl/maps/k3BkbUi2VyKVCLQQA,12.3234319,76.6260738
https://g.page/the-paul-bangalore?share,,
https://maps.app.goo.gl/ncGgfiGKARrgGBpcA,,
https://goo.gl/maps/hmbwNq4oydb7Nf9W8,12.933825,77.6152685
https://goo.gl/maps/YevqsyLMv6SUhko79,12.3097954,76.6556003
https://goo.gl/maps/kfv5seio9Tp5YvJb8,12.3098359,76.6504097
https://goo.gl/maps/izWCtN6BYzvEtLSj8,12.2861221,76.6464719
https://maps.app.goo.gl/hEELRpRd79nxk9Ym8,,
https://maps.app.goo.gl/BarNJ8jbK1MsDpqPA,,
https://goo.gl/maps/deBdrPPTQVbHkD4u7,12.3179658,76.6503801
https://maps.app.goo.gl/sFXbPomcqYYx6zNQ9,,
https://goo.gl/maps/cdMGLk1GaGQbT1xc6,13.0002863,77.6173476
https://goo.gl/maps/gNrD64hvrJk3SiPZ9,12.9539208,77.5688741
https://goo.gl/maps/N8rjbD3qRNwwdu8x8,12.9757732,77.6014741
https://goo.gl/maps/Q7XjR5wdmMGNsUas8,12.9180626,77.5904336
https://maps.app.goo.gl/hdJWku2LcF4TGLcBA,,
https://maps.app.goo.gl/2AR4518mGf72T7RDA,,
https://maps.app.goo.gl/qS8RE3mKTaqKQFwM7,,
https://maps.google.com/?cid=12853698143630628717,,
https://maps.app.goo.gl/NoVFKn28eRSzFfM38,,
https://goo.gl/maps/j6eNMDScDi2i3wub9,12.934862,77.6157602
https://maps.app.goo.gl/JfzrF2A9ypAUQCzr9,,
https://maps.app.goo.gl/BgtqRBnPXYLDp6Hr5,,
https://goo.gl/maps/nFsBwv9yM6DoRwL69,12.9450772,77.5691543
https://maps.google.com/?cid=6433592298080048138,,
https://maps.app.goo.gl/MFAm5CCUMnxGepin8,,
https://maps.app.goo.gl/7BsHd7psfbHtcnoN6,,
https://maps.app.goo.gl/xLgCJ,,
https://maps.app.goo.gl/MEjL2L9G3xp6WNHA6,,
https://maps.app.goo.gl/tLwaoLXjEwSysQAa7,,
https://maps.google.com/?cid=12606728842418277958,,
https://maps.app.goo.gl/24YwTcG8qpEhM15FA,,
https://maps.app.goo.gl/LXvoGiHfuRv9zjB47,,
https://maps.app.goo.gl/3sKkHUEFtfT8ENzr7,,
https://maps.app.goo.gl/mPbLcFErANKmEi5Q9,,
https://maps.app.goo.gl/W5QS7ysWPhD7QTpd8,,
https://goo.gl/maps/LFd5HgUE37J76oPn8,12.9334849,77.6191395
https://goo.gl/maps/nFsBwv9yM6DoRwL69,12.9450772,77.5691543
https://goo.gl/maps/DLEdQ8Y4fKB6zYzq7,12.9295757,77.5715902
https://g.page/THITWC?share,,
https://goo.gl/maps/JLGgTcL8MC5Pfs7L9,12.9987239,77.5678163
https://maps.app.goo.gl/P6nsuk2JZUWM7vms9,,
https://maps.app.goo.gl/78BKZtkbZtb1mZRV9,,
"https://maps.app.goo.gl/rhEktWnTVXjprXKM7""",,
https://goo.gl/maps/Mfcwwje694kJvdYeA,,
https://maps.app.goo.gl/JfzrF2A9ypAUQCzr9,,
https://maps.app.goo.gl/7Mra39VE7Jf7Rvj97,,
https://goo.gl/maps/kMeR3b7ndNKoTPP87,11.6710482,78.1375403
https://maps.app.goo.gl/ZtUjQh1P2AwqVfb98,,
https://maps.app.goo.gl/yAVBZrdm1aWMV8VU8,,
https://maps.app.goo.gl/4bEbeBGCpeupr5ZXA,,
https://maps.app.goo.gl/6o9TV3oVJBrAym5z9,,
https://maps.app.goo.gl/Qpb4QRnUeYVBwDnn9,,
https://maps.app.goo.gl/NCSNEPUTF38z9euG9,,
https://maps.app.goo.gl/44crqhUcfLi9AZnU8,,
https://maps.app.goo.gl/GF1UawDxiLD58dfi9,,
https://maps.app.goo.gl/TPk5kCu2VQJGRu1T9,,
https://maps.app.goo.gl/2fFeNiangGP3sKZM7,,
https://maps.app.goo.gl/8qrPxCSKGLnQ49ez5,,
https://maps.app.goo.gl/xLgCJ,,
https://maps.app.goo.gl/MFAm5CCUMnxGepin8,,
https://maps.app.goo.gl/LXvoGiHfuRv9zjB47,,
https://maps.app.goo.gl/mPbLcFErANKmEi5Q9,,
https://maps.app.goo.gl/tLwaoLXjEwSysQAa7,,
https://maps.google.com/?cid=12606728842418277958,,
https://maps.app.goo.gl/MEjL2L9G3xp6WNHA6,,
https://maps.app.goo.gl/W5QS7ysWPhD7QTpd8,,
https://maps.app.goo.gl/7BsHd7psfbHtcnoN6,,
https://maps.app.goo.gl/24YwTcG8qpEhM15FA,,
https://maps.app.goo.gl/3sKkHUEFtfT8ENzr7,,
https://maps.app.goo.gl/3sKkHUEFtfT8ENzr7,,
https://maps.app.goo.gl/xYu1k,,
https://maps.app.goo.gl/2GtbNmjb64a73joK9,12.8920372,77.6468138
https://maps.app.goo.gl/2X6idFktNJv8D4CW8,12.9241146,77.5753434
https://maps.app.goo.gl/2X6idFktNJv8D4CW8,12.9241146,77.5753434
https://maps.app.goo.gl/wjg9HzcEmmcnD2Y96,12.3265936,76.6102296
